id,audio_file,page,title,progress,text_to_speak,hint_khong_doc
welcome,welcome.mp3,home,Xin chào,Bước 1,"Xin chào quý khách! Tôi sẽ đồng hành cùng quý khách trong suốt quá trình làm thủ tục. Quý khách muốn chứng thực giấy tờ, hay lấy số thứ tự để gặp cán bộ?","Quý khách chạm vào lựa chọn bên dưới."
pick-ticket,pick-ticket.mp3,home,Lấy số thứ tự,Lấy số · 1/2,"Quý khách vui lòng chọn quầy phù hợp với thủ tục của mình bằng cách chạm vào một trong các ô đang sáng.","Máy sẽ tự động in phiếu số thứ tự sau khi quý khách chọn quầy."
ticket-done,ticket-done.mp3,home,Hoàn tất,Lấy số · 2/2,"Phiếu số thứ tự của quý khách đang được in ra. Quý khách vui lòng lấy phiếu và ngồi chờ đến lượt được gọi. Xin cảm ơn!",""
pick-certify,pick-certify.mp3,home,Chứng thực giấy tờ,Chứng thực · 1/9,"Mời quý khách chạm vào ô Dịch vụ chứng thực đang sáng để bắt đầu quét giấy tờ.","Màn hình sẽ chuyển sang khu vực quét giấy tờ."
scan-intro,scan-intro.mp3,scan,Màn hình chứng thực,Chứng thực · 2/9,"Đây là màn hình chứng thực. Vùng đang sáng là hình ảnh trực tiếp từ camera quét giấy tờ. Bên cạnh là danh sách những ảnh quý khách đã chụp.","Chạm ""Tiếp tục"" khi quý khách đã sẵn sàng."
scan-controls,scan-controls.mp3,scan,Các nút thao tác,Chứng thực · 3/9,"Phía dưới là các nút thao tác. Nút Chụp ảnh màu đỏ để chụp giấy tờ, nút Xóa tất cả để xóa ảnh và chụp lại từ đầu, còn nút Chứng thực màu xanh để nộp hồ sơ.","Các bước tiếp theo sẽ hướng dẫn quý khách dùng từng nút."
scan-place,scan-place.mp3,scan,Đặt giấy tờ,Chứng thực · 4/9,"Quý khách vui lòng đặt giấy tờ cần chứng thực vào hộp quét bên cạnh màn hình, mặt cần chụp úp xuống dưới.","Đặt giấy tờ nằm gọn trong lòng hộp quét."
scan-align,scan-align.mp3,scan,Căn chỉnh giấy tờ,Chứng thực · 5/9,"Quý khách chỉnh cho giấy tờ nằm ngay ngắn, bốn góc vuông vắn và không bị che khuất. Khi máy nhận ra giấy tờ, một khung viền sẽ hiện lên bao quanh bốn góc.","Nếu khung viền chưa hiện, quý khách thử vuốt phẳng giấy hoặc dịch giấy vào giữa hộp quét."
scan-capture,scan-capture.mp3,scan,Chụp ảnh,Chứng thực · 6/9,"Máy đã nhận diện được giấy tờ. Nếu quý khách thấy giấy tờ đã rõ nét và đầy đủ, hãy chạm vào nút Chụp ảnh đang sáng. Máy sẽ tự động cắt bỏ phần nền thừa xung quanh.","Quý khách có thể chụp nhiều trang, mỗi lần một trang."
scan-reset,scan-reset.mp3,scan,Nút xóa,Chứng thực · 7/9,"Nếu ảnh chưa vừa ý, quý khách chạm nút Xóa tất cả đang sáng để xóa toàn bộ ảnh đã chụp và quét lại từ đầu.","Lưu ý: nút này xóa tất cả ảnh, không chỉ ảnh cuối cùng."
scan-delete-one,scan-delete-one.mp3,scan,Xóa từng ảnh,Chứng thực · 8/9,"Nếu chỉ một tấm ảnh chưa vừa ý, quý khách không cần xóa hết. Mỗi ảnh trong danh sách đều có một dấu nhân nhỏ màu đỏ ở góc trên bên phải. Quý khách chạm vào dấu nhân đó để xóa riêng tấm ảnh ấy, các ảnh còn lại vẫn được giữ nguyên.","Xóa một ảnh không ảnh hưởng đến những ảnh khác."
scan-submit,scan-submit.mp3,scan,Chụp tiếp hoặc nộp hồ sơ,Chứng thực · 9/9,"Từ đây quý khách có thể tự thao tác. Giấy tờ có nhiều trang thì quý khách đặt trang tiếp theo vào hộp quét và chạm Chụp ảnh, mỗi lần một trang. Khi đã chụp đủ, hãy chạm nút Chứng thực để nộp hồ sơ cho cán bộ xử lý.",""
scan-done,scan-done.mp3,scan,Hoàn tất,,"Hồ sơ của quý khách đã được gửi đi. Quý khách vui lòng lấy lại giấy tờ trong hộp quét và chờ cán bộ tiếp nhận. Xin cảm ơn quý khách!",""
